﻿Precinct,Registered Voters,Ballots Cast,Voter Turnout
001-ANTHONY CITY HALL,2009,889,44.25 %
002-NORTHWEST ANNEX,3365,1377,40.92 %
003-CANUTILLO MIDDLE,2748,1200,43.67 %
004-CANUTILLO ELEM,1768,782,44.23 %
005-FIRE STATION 2,6280,3155,50.24 %
006-COMMUNITY CONNECTIONS,2043,1339,65.54 %
007-COMMUNITY CONNECTIONS,2796,1567,56.04 %
008-FIRE STATION 15,2621,1739,66.35 %
009-ZACH WHITE ELEM,3214,1873,58.28 %
010-ROBERTS ELEM,4159,1841,44.27 %
011-BROWN MIDDLE,5142,2816,54.76 %
012-CONGRESSMAN REYES SCHOOL,1351,788,58.33 %
013-FRANKLIN 9TH GRD,3109,1745,56.13 %
014-TIPPIN ELEM,3731,2174,58.27 %
015-FIRE STATION 27,2639,1626,61.61 %
016-ROSA GUERRERO ELEM,3534,1871,52.94 %
017-FRANKLIN HIGH,1734,990,57.09 %
018-MONTE VISTA RET CTR,3104,1935,62.34 %
019-GOOD SAM WHT ACRES,3593,1809,50.35 %
020-POLK ELEM,1143,726,63.52 %
021-MONTE VISTA RET CTR,2146,1398,65.14 %
022-WESTERN HILLS UMC,2704,1393,51.52 %
023-CARLOS RIVERA ELEM,1387,899,64.82 %
024-WESTERN HILLS UMC,3250,1985,61.08 %
025-DR GREEN ELEM,2911,1465,50.33 %
026-PUTNAM ELEM,1701,1013,59.55 %
027-PUTNAM ELEM,1967,1020,51.86 %
028-ZACH WHITE ELEM,488,182,37.30 %
029-L B JOHNSON ELEM,2684,1302,48.51 %
030-GALATZAN REC CTR,223,81,36.32 %
031-GALATZAN REC CTR,1629,675,41.44 %
032-MESITA ELEM,1730,992,57.34 %
033-MESITA ELEM,1898,1294,68.18 %
034-MESITA ELEM,898,312,34.74 %
035-EL PASO TENNIS CLUB,2094,1264,60.36 %
036-EPCC RIO GRANDE,2268,1067,47.05 %
037-ARMIJO REC CTR,2871,859,29.92 %
038-FIRE STATION 3,2376,960,40.40 %
039-SAN JACINTO ADULT CTR,1080,284,26.30 %
040-LAMAR ELEM,844,381,45.14 %
041-CAREER TECH CTR,1017,456,44.84 %
042-BEALL ELEM,2451,734,29.95 %
043-DR NIXON ELEM,2170,1218,56.13 %
044-DR NIXON ELEM,5880,2507,42.64 %
045-BRADLEY ELEM,3806,1696,44.56 %
046-BRADLEY ELEM,1536,651,42.38 %
047-H E CHARLES MIDDLE,2715,1362,50.17 %
048-FANNIN ELEM,2117,882,41.66 %
049-DESERTAIRE ELEM,1788,699,39.09 %
050-DESERTAIRE ELEM,5880,2150,36.56 %
051-COLLINS ELEM,2369,1035,43.69 %
052-COLLINS ELEM,2474,1021,41.27 %
053-NEWMAN ELEM,3052,1336,43.77 %
054-PARKLAND HIGH,2434,872,35.83 %
055-WHITAKER ELEM,2452,1213,49.47 %
056-DOWELL ELEM,2302,1143,49.65 %
057-FIRE STATION 23,1803,711,39.43 %
058-DOLPHIN TERRACE ELEM,1940,785,40.46 %
059-CROSBY ELEM,2853,1167,40.90 %
060-FIRE STATION 16,2206,1281,58.07 %
061-PARK ELEM,1484,785,52.90 %
062-WHITAKER ELEM,1790,545,30.45 %
063-MAGOFFIN MIDDLE,2810,1075,38.26 %
064-STANTON ELEM,2936,1130,38.49 %
065-LOGAN ELEM,1351,181,13.40 %
066-LOGAN ELEM,2375,988,41.60 %
067-TRAVIS ELEM,2521,1001,39.71 %
068-BIENVIVIR ,749,301,40.19 %
069-GRAND VIEW PARK,4188,1843,44.01 %
070-PAUL MORENO ELEM,2510,1222,48.69 %
071-MEMORIAL PARK SR CTR,2091,1029,49.21 %
072-AUSTIN HIGH,1582,642,40.58 %
073-AUSTIN HIGH,1321,571,43.22 %
074-FIRE STATION 7,2498,922,36.91 %
075-CROSS OF GRACE,1528,855,55.96 %
076-NAZARETH LIVING CTR,1263,618,48.93 %
077-SAFETY AND HEALTH CTR,2460,1102,44.80 %
078-NAZARETH LIVING CTR,1280,603,47.11 %
079-JEFFERSON HIGH,816,277,33.95 %
080-BURLESON ELEM,1634,634,38.80 %
081-SAN JUAN REC CTR,458,153,33.41 %
082-HAWKINS ELEM,2298,913,39.73 %
083-HENDERSON MIDDLE,1409,554,39.32 %
084-CLARDY ELEM,2324,942,40.53 %
085-ASCARATE ANNEX,2001,651,32.53 %
086-TRAVIS ELEM,1852,189,10.21 %
087-BONHAM ELEM,15,3,20.00 %
088-ROSS MIDDLE,1921,273,14.21 %
089-BONHAM ELEM,3224,1392,43.18 %
090-FIRE STATION 20,1694,1075,63.46 %
091-MAC ARTHUR ELEM,836,515,61.60 %
092-CIELO VISTA ELEM,3023,1667,55.14 %
093-SCOTSDALE ELEM,1586,795,50.13 %
094-EDGEMERE ELEM,2692,1346,50.00 %
095-GARY DEL PALC REC,2714,1503,55.38 %
096-EASTPOINT ELEM,3041,1720,56.56 %
097-YISD CENTRAL OFFICE,1982,1056,53.28 %
098-EASTWOOD HEIGHTS ELEM,1994,1189,59.63 %
099-PEBBLE HILLS ELEM,1399,608,43.46 %
100-PEBBLE HILLS ELEM,3214,1570,48.85 %
101-EASTSIDE SR CTR,2413,1377,57.07 %
102-YWCA EAST,2529,1182,46.74 %
103-VISTA HILLS ELEM,1880,1101,58.56 %
104-LOYA YMCA,2982,1492,50.03 %
105-INDIAN RIDGE MIDD,2708,1441,53.21 %
106-GLEN COVE ELEM,3007,1474,49.02 %
107-HANKS HIGH,2174,1133,52.12 %
108-TIERRA DEL SOL ELEM,1952,1155,59.17 %
109-DESERT VIEW MIDD,1814,998,55.02 %
110-REG 19 HEAD STRT,3100,1633,52.68 %
111-JANE HAMBRIC ELEM,2561,1048,40.92 %
112-JANE HAMBRIC ELEM,3792,1555,41.01 %
113-BILL SYBERT PRE K,2582,1204,46.63 %
114-BILL SYBERT PRE K,4654,1890,40.61 %
115-HURSHEL ANTWINE ELEM,5370,2269,42.25 %
116-SPEC RAF HERN MIDDLE,7240,3057,42.22 %
117-BENITO MARTINEZ ELEM,3124,1527,48.88 %
118-BENITO MARTINEZ ELEM,2329,1210,51.95 %
119-HELEN BALL ELEM,2795,1330,47.58 %
120-OSHEA K ELEM,3108,1483,47.72 %
121-MONTWOOD HIGH,1925,1021,53.04 %
122-VISTA DEL SOL ELEM,3743,1758,46.97 %
123-MYRTLE COOPER ELEM,3283,1398,42.58 %
124-SIERRA VISTA ELEM,3382,1293,38.23 %
125-SIERRA VISTA ELEM,4904,2153,43.90 %
126-OPTIONS HIGH,4865,2517,51.74 %
127-RED SANDS ELEM,553,181,32.73 %
128-PEBBLE HILLS HIGH,5618,2460,43.79 %
129-LUJAN CHAVEZ ELEM,3579,1495,41.77 %
130-LUJAN CHAVEZ ELEM,3889,1766,45.41 %
131-SIERRA VISTA ELEM,1513,729,48.18 %
132-RAMONA ELEM,483,168,34.78 %
133-DEL NORTE HEIGHTS ELEM,2654,1140,42.95 %
134-RAMONA ELEM,1324,569,42.98 %
135-ASCARATE ELEM,2565,1024,39.92 %
136-CEDAR GROVE ELEM,2154,772,35.84 %
137-YOUNG WOMENS ACADEMY,2151,867,40.31 %
138-HACIENDA HEIGHTS ELEM,2449,928,37.89 %
139-MESA VISTA ELEM,2243,1002,44.67 %
140-GOOD SAM TOWERS,2059,746,36.23 %
141-FIRE STATION 18,1425,579,40.63 %
142-RIVERSIDE HIGH,1338,516,38.57 %
143-YSLETA PRE K,2512,1124,44.75 %
144-LOMA TERRACE ELEM,2720,1147,42.17 %
145-LOMA TERRACE ELEM,2746,1057,38.49 %
146-MARIAN MANOR ELEM,1526,583,38.20 %
147-TRANSITION TOP LIFE CTR,1648,663,40.23 %
148-ALICIA R CHACON,2404,1046,43.51 %
149-YWCA LV,2861,1173,41.00 %
150-YWCA LV,2003,742,37.04 %
151-CAPISTRANO ELEM,2493,915,36.70 %
152-LEBARRON PARK ELEM,2297,769,33.48 %
153-LANCASTER ELEM,2676,1137,42.49 %
154-LEBARRON PARK ELEM,2193,941,42.91 %
155-LANCASTER ELEM,1120,479,42.77 %
156-PAVO REAL REC,3166,1240,39.17 %
157-SOUTH LOOP ELEM,1927,736,38.19 %
158-HORIZON HEIGHTS ELEM,10433,5100,48.88 %
159-SPARKS SHERIFF OFFICE,2008,683,34.01 %
160-H D HILLEY ELEM,2587,1021,39.47 %
161-ROBERT ROJAS ELEM,1405,481,34.23 %
162-SOCORRO HIGH,3522,1342,38.10 %
163-ROBERT ROJAS ELEM,2879,1061,36.85 %
164-ESCONTRIAS ELEM,3640,1425,39.15 %
165-CAMPESTRE ELEM,3674,1374,37.40 %
166-RED SANDS ELEM,3057,1178,38.53 %
167-MONTANA VISTA ELEM,3781,1316,34.81 %
168-DESERT HILL ELEM,3650,1494,40.93 %
169-CARROLL WELCH INTER,6657,2223,33.39 %
170-CLINT ISD EARLY COLL,2967,1298,43.75 %
171-SAN ELI FIRE DEPT,6093,1924,31.58 %
172-RIO VALLE WOMANS,4229,1476,34.90 %
173-W E NEILL CTR,1513,562,37.14 %
174-BONHAM ELEM,13,3,23.08 %
175-SCOTSDALE ELEM,269,127,47.21 %
176-POLK ELEM,1036,597,57.63 %
177-MONTE VISTA RET CTR,514,321,62.45 %
178-DOLPHIN TERRACE ELEM,1293,594,45.94 %
179-CAPISTRANO ELEM,713,249,34.92 %
180-DESERT WIND PRE K,2091,678,32.42 %
181-PEBBLE HILLS HIGH,2098,1015,48.38 %
182-HURSHEL ANTWINE ELEM,1624,655,40.33 %
183-PAVO REAL REC,0,0,0.00 %
184-WHITAKER ELEM,0,0,0.00 %
185-PARK ELEM,623,381,61.16 %
186-FIRE STATION 16,806,406,50.37 %
187-BIENVIVIR,1,1,100.00 %
188-FIRE STATION 16,98,51,52.04 %
189-BONHAM ELEM,27,8,29.63 %
190-PEBBLE HILLS HIGH,0,0,0.00 %
191-PEBBLE HILLS HIGH,4,0,0.00 %